GROUP,PACKAGE,CLASS,INSTRUCTION_MISSED,INSTRUCTION_COVERED,BRANCH_MISSED,BRANCH_COVERED,LINE_MISSED,LINE_COVERED,COMPLEXITY_MISSED,COMPLEXITY_COVERED,METHOD_MISSED,METHOD_COVERED
FinFlow Backend,com.finflow.modules.profiles.mapper,UserProfileMapperImpl,3,0,0,0,1,0,1,0,1,0
FinFlow Backend,com.finflow.modules.profiles.mapper,UserProfileMapper,62,0,10,0,16,0,6,0,1,0
FinFlow Backend,com.finflow.modules.auth.domain,Role,6,42,0,0,2,13,2,4,2,4
FinFlow Backend,com.finflow.modules.auth.domain,UserCredential,27,33,0,0,9,11,6,4,6,4
FinFlow Backend,com.finflow.modules.auth.domain,UserRole,9,21,0,0,3,8,3,3,3,3
FinFlow Backend,com.finflow.modules.auth.domain,LoginHistory,104,3,10,0,25,1,19,1,14,1
FinFlow Backend,com.finflow.modules.auth.domain,UserStatus,0,27,0,0,0,5,0,1,0,1
FinFlow Backend,com.finflow.modules.auth.domain,User,149,86,16,0,40,21,27,3,19,3
FinFlow Backend,com.finflow.modules.auth.domain,CredentialType,0,21,0,0,0,4,0,1,0,1
FinFlow Backend,com.finflow.modules.auth.domain,LoginHistory.FailureReason,3,46,0,0,1,9,1,2,1,2
FinFlow Backend,com.finflow.modules.auth.domain,RefreshToken,89,61,15,1,19,20,21,6,13,6
FinFlow Backend,com.finflow.modules.accounts.validator,HoldValidator,47,0,4,0,11,0,7,0,5,0
FinFlow Backend,com.finflow.modules.accounts.validator,AccountValidator,138,0,29,0,27,0,22,0,6,0
FinFlow Backend,com.finflow.modules.transfers.service,TransferService,97,330,10,14,9,64,17,14,7,12
FinFlow Backend,com.finflow.modules.transfers.dto,UpdateTemplateRequest,0,24,0,0,0,1,0,1,0,1
FinFlow Backend,com.finflow.modules.transfers.dto,CreateScheduledTransferRequest,0,39,0,0,0,1,0,1,0,1
FinFlow Backend,com.finflow.modules.transfers.dto,ScheduledTransferResponse,54,0,0,0,1,0,1,0,1,0
FinFlow Backend,com.finflow.modules.transfers.dto,CreateTemplateRequest,0,24,0,0,0,1,0,1,0,1
FinFlow Backend,com.finflow.modules.transfers.dto,TemplateResponse,33,0,0,0,1,0,1,0,1,0
FinFlow Backend,com.finflow.modules.settings.mapper,SettingMapper,44,3,6,0,8,1,6,1,3,1
FinFlow Backend,com.finflow.modules.settings.dto,UpdateSettingRequest,0,6,0,0,0,1,0,1,0,1
FinFlow Backend,com.finflow.modules.settings.dto,SettingResponse,18,0,0,0,1,0,1,0,1,0
FinFlow Backend,com.finflow.modules.settings.dto,BulkUpdateSettingsRequest,0,6,0,0,0,1,0,1,0,1
FinFlow Backend,com.finflow.modules.settings.controller,SettingController,72,0,0,0,19,0,7,0,7,0
FinFlow Backend,com.finflow.modules.cards.mapper,CardMapper,83,0,8,0,27,0,7,0,3,0
FinFlow Backend,com.finflow.shared.domain,BaseSoftDeletableEntity,20,18,0,0,7,7,4,2,4,2
FinFlow Backend,com.finflow.shared.domain,BaseEntity,40,26,10,0,7,11,9,5,4,5
FinFlow Backend,com.finflow.shared.domain,BaseEntityListener,21,0,4,0,7,0,5,0,3,0
FinFlow Backend,com.finflow.shared.domain,BaseAuditableEntity,6,3,0,0,2,1,2,1,2,1
FinFlow Backend,com.finflow.modules.notifications.controller,NotificationController,66,0,0,0,16,0,8,0,8,0
FinFlow Backend,com.finflow.modules.notifications.mapper,NotificationMapper,53,3,2,0,18,1,5,1,4,1
FinFlow Backend,com.finflow.modules.savings.controller,SavingsGoalController,76,0,0,0,13,0,9,0,9,0
FinFlow Backend,com.finflow.modules.profiles.controller,UserProfileController,31,0,0,0,9,0,4,0,4,0
FinFlow Backend,com.finflow.modules.profiles.domain,UserProfile.UpdateProfileData,0,33,0,0,0,1,0,1,0,1
FinFlow Backend,com.finflow.modules.profiles.domain,UserProfile,65,88,0,20,19,17,19,15,19,5
FinFlow Backend,com.finflow.modules.admin.dto,UserManagementResponse,21,0,0,0,1,0,1,0,1,0
FinFlow Backend,com.finflow.modules.admin.dto,AuditLogResponse,0,27,0,0,0,1,0,1,0,1
FinFlow Backend,com.finflow.modules.admin.dto,AdminDashboardResponse,0,15,0,0,0,1,0,1,0,1
FinFlow Backend,com.finflow.modules.beneficiaries.controller,BeneficiaryController,88,0,0,0,19,0,8,0,8,0
FinFlow Backend,com.finflow.shared.exception,ValidationException,0,21,0,0,0,7,0,3,0,3
FinFlow Backend,com.finflow.shared.exception,ErrorResponse,0,31,0,0,0,2,0,2,0,2
FinFlow Backend,com.finflow.shared.exception,ForbiddenException,11,0,0,0,3,0,2,0,2,0
FinFlow Backend,com.finflow.shared.exception,UnauthorizedException,21,0,0,0,5,0,4,0,4,0
FinFlow Backend,com.finflow.shared.exception,ValidationException.FieldError,0,12,0,0,0,1,0,1,0,1
FinFlow Backend,com.finflow.shared.exception,ResourceNotFoundException,6,18,0,0,2,3,1,1,1,1
FinFlow Backend,com.finflow.shared.exception,GlobalExceptionHandler,41,121,3,1,9,32,3,6,1,6
FinFlow Backend,com.finflow.shared.exception,BusinessRuleException,33,18,0,0,6,4,5,3,5,3
FinFlow Backend,com.finflow.shared.exception,ErrorResponse.Builder,5,52,0,0,1,8,1,8,1,8
FinFlow Backend,com.finflow.shared.exception,ExternalServiceException,46,0,0,0,8,0,5,0,5,0
FinFlow Backend,com.finflow.shared.exception,ErrorResponse.FieldErrorDetail,0,12,0,0,0,1,0,1,0,1
FinFlow Backend,com.finflow.shared.exception,FinFlowException,3,41,0,0,1,13,1,6,1,6
FinFlow Backend,com.finflow.shared.exception,ConflictException,29,0,0,0,5,0,3,0,3,0
FinFlow Backend,com.finflow.modules.savings.domain,SavingsGoalStatus,0,27,0,0,0,5,0,1,0,1
FinFlow Backend,com.finflow.modules.savings.domain,SavingsGoal,46,164,6,14,10,38,15,16,9,12
FinFlow Backend,com.finflow.modules.notifications.service,NotificationService,44,160,1,1,6,34,2,11,1,11
FinFlow Backend,com.finflow.shared.util,SecurityUtil,32,35,9,3,7,9,10,5,4,5
FinFlow Backend,com.finflow.shared.util,CurrencyConverterUtil,66,0,0,0,8,0,3,0,3,0
FinFlow Backend,com.finflow.shared.util,MoneyUtil,90,0,18,0,19,0,17,0,8,0
FinFlow Backend,com.finflow.shared.util,DateUtil,49,0,14,0,5,0,12,0,5,0
FinFlow Backend,com.finflow.shared.util,MaskUtil,156,0,22,0,20,0,16,0,5,0
FinFlow Backend,com.finflow.modules.accounts.service,AccountService,207,398,19,8,44,84,18,11,5,9
FinFlow Backend,com.finflow.modules.transactions.domain,Transaction,137,89,16,2,32,27,35,12,26,12
FinFlow Backend,com.finflow.modules.transactions.domain,TransactionType,0,33,0,0,0,6,0,1,0,1
FinFlow Backend,com.finflow.modules.transactions.domain,EntryType,0,15,0,0,0,3,0,1,0,1
FinFlow Backend,com.finflow.modules.transactions.domain,TransactionEntry,52,31,0,0,15,11,15,3,15,3
FinFlow Backend,com.finflow.modules.transactions.domain,TransactionStatus,0,27,0,0,0,5,0,1,0,1
FinFlow Backend,com.finflow.modules.auth.mapper,UserMapperImpl,53,0,4,0,18,0,4,0,2,0
FinFlow Backend,com.finflow.modules.cards.service,CardService,84,205,9,5,8,39,12,10,6,9
FinFlow Backend,com.finflow.modules.accounts.domain,AccountType,0,27,0,0,0,5,0,1,0,1
FinFlow Backend,com.finflow.modules.accounts.domain,AccountStatusHistory,21,24,0,0,7,9,7,2,7,2
FinFlow Backend,com.finflow.modules.accounts.domain,AccountStatus,0,33,0,0,0,6,0,1,0,1
FinFlow Backend,com.finflow.modules.accounts.domain,OwnershipType,0,21,0,0,0,4,0,1,0,1
FinFlow Backend,com.finflow.modules.accounts.domain,Account,76,249,12,18,18,59,19,22,10,16
FinFlow Backend,com.finflow.modules.accounts.domain,AccountHolder,10,24,1,1,3,7,4,2,3,2
FinFlow Backend,com.finflow.modules.accounts.domain,HoldStatus,0,21,0,0,0,4,0,1,0,1
FinFlow Backend,com.finflow.modules.accounts.domain,Hold,65,51,9,1,16,17,16,4,11,4
FinFlow Backend,com.finflow.modules.accounts.dto,StatusHistoryResponse,21,0,0,0,1,0,1,0,1,0
FinFlow Backend,com.finflow.modules.accounts.dto,UpdateAccountRequest,9,0,0,0,1,0,1,0,1,0
FinFlow Backend,com.finflow.modules.accounts.dto,ChangeStatusRequest,0,9,0,0,0,1,0,1,0,1
FinFlow Backend,com.finflow.modules.accounts.dto,CreateAccountRequest,0,12,0,0,0,1,0,1,0,1
FinFlow Backend,com.finflow.modules.accounts.dto,AccountSummaryResponse,27,0,0,0,1,0,1,0,1,0
FinFlow Backend,com.finflow.modules.accounts.dto,PlaceHoldRequest,0,18,0,0,0,1,0,1,0,1
FinFlow Backend,com.finflow.modules.accounts.dto,AccountDetailResponse,0,42,0,0,0,1,0,1,0,1
FinFlow Backend,com.finflow.modules.accounts.dto,HoldResponse,0,30,0,0,0,1,0,1,0,1
FinFlow Backend,com.finflow.modules.transfers.mapper,TransferMapper,107,0,14,0,30,0,10,0,3,0
FinFlow Backend,com.finflow.modules.auth.service,RefreshTokenRevokedEvent,41,0,0,0,15,0,8,0,8,0
FinFlow Backend,com.finflow.modules.auth.service,RefreshTokenRotatedEvent,47,0,0,0,17,0,9,0,9,0
FinFlow Backend,com.finflow.modules.auth.service,RefreshTokenService.RefreshResult,9,0,0,0,1,0,1,0,1,0
FinFlow Backend,com.finflow.modules.auth.service,RegistrationService,115,4,0,0,28,1,3,1,3,1
FinFlow Backend,com.finflow.modules.auth.service,SessionService.RefreshTokenSession,18,0,0,0,1,0,1,0,1,0
FinFlow Backend,com.finflow.modules.auth.service,TokenRevocationService,221,0,12,0,47,0,13,0,7,0
FinFlow Backend,com.finflow.modules.auth.service,UserLoggedInEvent,44,0,0,0,14,0,8,0,8,0
FinFlow Backend,com.finflow.modules.auth.service,TokenRotationService,209,0,6,0,40,0,9,0,6,0
FinFlow Backend,com.finflow.modules.auth.service,RedisSessionCache,286,0,10,0,73,0,15,0,10,0
FinFlow Backend,com.finflow.modules.auth.service,RefreshTokenReuseDetectedEvent,47,0,0,0,17,0,9,0,9,0
FinFlow Backend,com.finflow.modules.auth.service,AuthenticationService,419,0,21,0,95,0,20,0,9,0
FinFlow Backend,com.finflow.modules.auth.service,SessionService,433,0,18,0,87,0,22,0,13,0
FinFlow Backend,com.finflow.modules.auth.service,RefreshTokenCreatedEvent,41,0,0,0,15,0,8,0,8,0
FinFlow Backend,com.finflow.modules.auth.service,TokenHashService,101,0,6,0,21,0,12,0,9,0
FinFlow Backend,com.finflow.modules.auth.service,RefreshTokenService,205,0,8,0,45,0,14,0,10,0
FinFlow Backend,com.finflow.modules.accounts.mapper,AccountMapper,11,0,2,0,3,0,3,0,2,0
FinFlow Backend,com.finflow.modules.accounts.mapper,AccountMapperImpl,360,0,20,0,97,0,20,0,10,0
FinFlow Backend,com.finflow.modules.auth.validator,RegistrationValidator,0,84,0,12,0,16,0,8,0,2
FinFlow Backend,com.finflow.modules.auth.validator,LoginValidator,98,0,16,0,20,0,11,0,3,0
FinFlow Backend,com.finflow.modules.auth.validator,RefreshTokenValidator,82,0,14,0,17,0,11,0,4,0
FinFlow Backend,com.finflow.shared.constants,SecurityConstants,53,0,0,0,1,0,1,0,1,0
FinFlow Backend,com.finflow.modules.beneficiaries.service,BeneficiaryService,67,235,13,11,10,54,14,7,1,7
FinFlow Backend,com.finflow.modules.notifications.domain,Notification,42,44,0,0,12,14,12,6,12,6
FinFlow Backend,com.finflow.modules.notifications.domain,NotificationType,0,33,0,0,0,2,0,1,0,1
FinFlow Backend,com.finflow.modules.settings.service,SettingService,45,308,13,19,9,59,9,18,0,11
FinFlow Backend,com.finflow.modules.savings.mapper,SavingsGoalMapper,47,0,6,0,13,0,5,0,2,0
FinFlow Backend,com.finflow.shared.dto,ApiResponse.Meta,8,20,0,0,1,2,1,2,1,2
FinFlow Backend,com.finflow.shared.dto,ApiResponse.ErrorDetail,18,0,0,0,3,0,2,0,2,0
FinFlow Backend,com.finflow.shared.dto,ApiResponse,33,24,0,0,3,2,3,2,3,2
FinFlow Backend,com.finflow.shared.dto,PageResponse,3,55,3,3,0,3,3,2,0,2
FinFlow Backend,com.finflow,FinFlowApplication,5,3,0,0,2,1,1,1,1,1
FinFlow Backend,com.finflow.modules.accounts.controller,AccountController,133,0,0,0,28,0,12,0,12,0
FinFlow Backend,com.finflow.modules.admin.controller,AdminController,26,0,0,0,6,0,4,0,4,0
FinFlow Backend,com.finflow.modules.beneficiaries.validator,BeneficiaryValidator,62,4,4,0,15,1,8,1,6,1
FinFlow Backend,com.finflow.modules.transactions.dto,TransferRequest,0,21,0,0,0,1,0,1,0,1
FinFlow Backend,com.finflow.modules.transactions.dto,TransactionDetailResponse,0,51,0,0,0,1,0,1,0,1
FinFlow Backend,com.finflow.modules.transactions.dto,TransactionSummaryResponse,36,0,0,0,1,0,1,0,1,0
FinFlow Backend,com.finflow.modules.transactions.dto,DepositRequest,0,18,0,0,0,1,0,1,0,1
FinFlow Backend,com.finflow.modules.transactions.dto,WithdrawalRequest,0,18,0,0,0,1,0,1,0,1
FinFlow Backend,com.finflow.modules.transactions.dto,TransactionEntryResponse,30,0,0,0,1,0,1,0,1,0
FinFlow Backend,com.finflow.modules.auth.dto,RegisterResponse,0,21,0,0,0,1,0,1,0,1
FinFlow Backend,com.finflow.modules.auth.dto,LoginRequest,34,0,6,0,5,0,5,0,2,0
FinFlow Backend,com.finflow.modules.auth.dto,RefreshTokenResponse,27,0,0,0,3,0,2,0,2,0
FinFlow Backend,com.finflow.modules.auth.dto,AuthenticationResult,27,0,0,0,1,0,1,0,1,0
FinFlow Backend,com.finflow.modules.auth.dto,RegisterRequest,33,18,6,0,4,1,4,1,1,1
FinFlow Backend,com.finflow.modules.auth.dto,RevokeTokenRequest,6,0,0,0,1,0,1,0,1,0
FinFlow Backend,com.finflow.modules.auth.dto,RefreshTokenRequest,6,0,0,0,1,0,1,0,1,0
FinFlow Backend,com.finflow.modules.transfers.domain,TransferFrequency,0,39,0,0,0,7,0,1,0,1
FinFlow Backend,com.finflow.modules.transfers.domain,ScheduledTransfer,67,160,5,15,20,40,24,20,19,15
FinFlow Backend,com.finflow.modules.transfers.domain,TransferTemplate,34,60,0,0,10,18,10,11,10,11
FinFlow Backend,com.finflow.modules.transfers.domain,ScheduleStatus,0,33,0,0,0,6,0,1,0,1
FinFlow Backend,com.finflow.modules.transfers.domain,ScheduleType,0,15,0,0,0,3,0,1,0,1
FinFlow Backend,com.finflow.modules.transactions.mapper,TransactionMapperImpl,331,0,20,0,102,0,16,0,6,0
FinFlow Backend,com.finflow.modules.transactions.mapper,TransactionMapper,8,3,2,0,2,1,2,1,1,1
FinFlow Backend,com.finflow.modules.beneficiaries.mapper,BeneficiaryMapper,8,3,2,0,2,1,2,1,1,1
FinFlow Backend,com.finflow.modules.beneficiaries.mapper,BeneficiaryMapperImpl,128,0,8,0,39,0,7,0,3,0
FinFlow Backend,com.finflow.modules.savings.dto,DepositToSavingsGoalRequest,0,6,0,0,0,1,0,1,0,1
FinFlow Backend,com.finflow.modules.savings.dto,UpdateSavingsGoalRequest,15,0,0,0,1,0,1,0,1,0
FinFlow Backend,com.finflow.modules.savings.dto,CreateSavingsGoalRequest,0,21,0,0,0,1,0,1,0,1
FinFlow Backend,com.finflow.modules.savings.dto,SavingsGoalResponse,36,0,0,0,1,0,1,0,1,0
FinFlow Backend,com.finflow.modules.profiles.dto,UpdateProfileRequest,0,33,0,0,0,1,0,1,0,1
FinFlow Backend,com.finflow.modules.profiles.dto,UserProfileResponse,0,45,0,0,0,1,0,1,0,1
FinFlow Backend,com.finflow.shared.config,JwtTokenProvider,28,196,3,5,9,58,4,9,1,8
FinFlow Backend,com.finflow.shared.config,AsyncConfig,55,0,0,0,19,0,3,0,3,0
FinFlow Backend,com.finflow.shared.config,CorsConfig,60,0,0,0,11,0,2,0,2,0
FinFlow Backend,com.finflow.shared.config,CacheConfig,80,0,0,0,18,0,2,0,2,0
FinFlow Backend,com.finflow.shared.config,JwtAuthenticationFilter,26,107,1,11,7,28,1,10,0,5
FinFlow Backend,com.finflow.shared.config,JpaAuditConfig,8,0,0,0,2,0,3,0,3,0
FinFlow Backend,com.finflow.shared.config,JwtSigningKeyProvider,63,133,12,8,14,37,12,9,3,8
FinFlow Backend,com.finflow.shared.config,JwtClaims,12,30,0,0,2,1,1,1,1,1
FinFlow Backend,com.finflow.shared.config,JacksonConfig,59,0,0,0,11,0,2,0,2,0
FinFlow Backend,com.finflow.shared.config,OpenApiConfig,83,0,0,0,25,0,2,0,2,0
FinFlow Backend,com.finflow.shared.config,RedisConfig,45,0,0,0,13,0,2,0,2,0
FinFlow Backend,com.finflow.shared.config,JwtProperties,16,32,2,2,2,4,3,1,1,1
FinFlow Backend,com.finflow.shared.config,JwtAccessDeniedHandler,13,43,3,1,3,16,2,3,0,3
FinFlow Backend,com.finflow.shared.config,JwtAuthenticationEntryPoint,7,43,1,1,2,16,1,3,0,3
FinFlow Backend,com.finflow.shared.config,JwtPropertiesConfiguration,62,0,0,0,12,0,2,0,2,0
FinFlow Backend,com.finflow.shared.config,SecurityConfig,215,0,0,0,41,0,15,0,15,0
FinFlow Backend,com.finflow.modules.transfers.validator,TransferValidator,86,0,30,0,19,0,18,0,3,0
FinFlow Backend,com.finflow.modules.cards.controller,CardController,75,0,0,0,13,0,9,0,9,0
FinFlow Backend,com.finflow.modules.beneficiaries.dto,BeneficiaryResponse,0,42,0,0,0,1,0,1,0,1
FinFlow Backend,com.finflow.modules.beneficiaries.dto,CreateBeneficiaryRequest,0,30,0,0,0,1,0,1,0,1
FinFlow Backend,com.finflow.modules.beneficiaries.dto,UpdateBeneficiaryRequest,0,30,0,0,0,1,0,1,0,1
FinFlow Backend,com.finflow.modules.profiles.service,UserProfileService,0,117,0,2,0,33,0,8,0,7
FinFlow Backend,com.finflow.modules.notifications.dto,NotificationResponse,0,36,0,0,0,1,0,1,0,1
FinFlow Backend,com.finflow.modules.notifications.dto,MarkReadRequest,0,6,0,0,0,1,0,1,0,1
FinFlow Backend,com.finflow.modules.cards.domain,Card,66,124,4,10,19,37,20,15,16,12
FinFlow Backend,com.finflow.modules.cards.domain,CardType,0,21,0,0,0,4,0,1,0,1
FinFlow Backend,com.finflow.modules.cards.domain,CardTransaction,58,3,0,0,19,1,13,1,13,1
FinFlow Backend,com.finflow.modules.cards.domain,CardTransactionStatus,0,39,0,0,0,7,0,1,0,1
FinFlow Backend,com.finflow.modules.cards.domain,CardTransactionType,0,45,0,0,0,8,0,1,0,1
FinFlow Backend,com.finflow.modules.cards.domain,CardStatus,0,39,0,0,0,7,0,1,0,1
FinFlow Backend,com.finflow.modules.admin.service,AdminService,0,85,1,3,0,20,1,7,0,6
FinFlow Backend,com.finflow.modules.beneficiaries.domain,BeneficiaryStatus,0,21,0,0,0,4,0,1,0,1
FinFlow Backend,com.finflow.modules.beneficiaries.domain,Beneficiary,54,66,2,0,17,19,16,12,15,12
FinFlow Backend,com.finflow.modules.auth.controller,AuthController,124,42,8,0,28,14,8,3,4,3
FinFlow Backend,com.finflow.modules.transactions.validator,TransactionValidator,137,4,16,0,38,1,21,1,13,1
FinFlow Backend,com.finflow.modules.admin.domain,AdminAuditLog,18,24,0,0,6,9,6,2,6,2
FinFlow Backend,com.finflow.modules.cards.dto,CardResponse,45,0,0,0,1,0,1,0,1,0
FinFlow Backend,com.finflow.modules.cards.dto,CreateCardRequest,0,24,0,0,0,1,0,1,0,1
FinFlow Backend,com.finflow.modules.cards.dto,CardTransactionResponse,33,0,0,0,1,0,1,0,1,0
FinFlow Backend,com.finflow.modules.cards.dto,UpdateCardRequest,12,0,0,0,1,0,1,0,1,0
FinFlow Backend,com.finflow.modules.admin.mapper,AdminMapper,35,0,4,0,10,0,4,0,2,0
FinFlow Backend,com.finflow.modules.savings.service,SavingsGoalService,101,210,15,13,13,38,16,13,6,9
FinFlow Backend,com.finflow.modules.settings.domain,UserSetting,6,22,0,0,2,8,2,4,2,4
FinFlow Backend,com.finflow.modules.transactions.controller,TransactionController,176,0,6,0,34,0,11,0,8,0
FinFlow Backend,com.finflow.modules.auth.config,SessionProperties,10,16,2,2,1,4,3,1,1,1
FinFlow Backend,com.finflow.modules.transfers.controller,TransferController,103,0,0,0,18,0,12,0,12,0
FinFlow Backend,com.finflow.modules.transactions.service,TransactionService,34,588,5,7,5,118,6,9,1,8
